<?xml version="1.0" encoding="UTF-8"?>
<root>
  <item name="app.k9mail.ui.utils.linearlayoutmanager.ViewBoundsCheck android.view.View findOneViewWithinBoundFlags(int, int, int, int) 2">
    <annotation name="androidx.annotation.IntDef">
      <val name="flag" val="true" />
      <val name="value" val="{app.k9mail.ui.utils.linearlayoutmanager.ViewBoundsCheck.FLAG_CVS_GT_PVS, app.k9mail.ui.utils.linearlayoutmanager.ViewBoundsCheck.FLAG_CVS_EQ_PVS, app.k9mail.ui.utils.linearlayoutmanager.ViewBoundsCheck.FLAG_CVS_LT_PVS, app.k9mail.ui.utils.linearlayoutmanager.ViewBoundsCheck.FLAG_CVS_GT_PVE, app.k9mail.ui.utils.linearlayoutmanager.ViewBoundsCheck.FLAG_CVS_EQ_PVE, app.k9mail.ui.utils.linearlayoutmanager.ViewBoundsCheck.FLAG_CVS_LT_PVE, app.k9mail.ui.utils.linearlayoutmanager.ViewBoundsCheck.FLAG_CVE_GT_PVS, app.k9mail.ui.utils.linearlayoutmanager.ViewBoundsCheck.FLAG_CVE_EQ_PVS, app.k9mail.ui.utils.linearlayoutmanager.ViewBoundsCheck.FLAG_CVE_LT_PVS, app.k9mail.ui.utils.linearlayoutmanager.ViewBoundsCheck.FLAG_CVE_GT_PVE, app.k9mail.ui.utils.linearlayoutmanager.ViewBoundsCheck.FLAG_CVE_EQ_PVE, app.k9mail.ui.utils.linearlayoutmanager.ViewBoundsCheck.FLAG_CVE_LT_PVE}" />
    </annotation>
  </item>
  <item name="app.k9mail.ui.utils.linearlayoutmanager.ViewBoundsCheck android.view.View findOneViewWithinBoundFlags(int, int, int, int) 3">
    <annotation name="androidx.annotation.IntDef">
      <val name="flag" val="true" />
      <val name="value" val="{app.k9mail.ui.utils.linearlayoutmanager.ViewBoundsCheck.FLAG_CVS_GT_PVS, app.k9mail.ui.utils.linearlayoutmanager.ViewBoundsCheck.FLAG_CVS_EQ_PVS, app.k9mail.ui.utils.linearlayoutmanager.ViewBoundsCheck.FLAG_CVS_LT_PVS, app.k9mail.ui.utils.linearlayoutmanager.ViewBoundsCheck.FLAG_CVS_GT_PVE, app.k9mail.ui.utils.linearlayoutmanager.ViewBoundsCheck.FLAG_CVS_EQ_PVE, app.k9mail.ui.utils.linearlayoutmanager.ViewBoundsCheck.FLAG_CVS_LT_PVE, app.k9mail.ui.utils.linearlayoutmanager.ViewBoundsCheck.FLAG_CVE_GT_PVS, app.k9mail.ui.utils.linearlayoutmanager.ViewBoundsCheck.FLAG_CVE_EQ_PVS, app.k9mail.ui.utils.linearlayoutmanager.ViewBoundsCheck.FLAG_CVE_LT_PVS, app.k9mail.ui.utils.linearlayoutmanager.ViewBoundsCheck.FLAG_CVE_GT_PVE, app.k9mail.ui.utils.linearlayoutmanager.ViewBoundsCheck.FLAG_CVE_EQ_PVE, app.k9mail.ui.utils.linearlayoutmanager.ViewBoundsCheck.FLAG_CVE_LT_PVE}" />
    </annotation>
  </item>
  <item name="app.k9mail.ui.utils.linearlayoutmanager.ViewBoundsCheck boolean isViewWithinBoundFlags(android.view.View, int) 1">
    <annotation name="androidx.annotation.IntDef">
      <val name="flag" val="true" />
      <val name="value" val="{app.k9mail.ui.utils.linearlayoutmanager.ViewBoundsCheck.FLAG_CVS_GT_PVS, app.k9mail.ui.utils.linearlayoutmanager.ViewBoundsCheck.FLAG_CVS_EQ_PVS, app.k9mail.ui.utils.linearlayoutmanager.ViewBoundsCheck.FLAG_CVS_LT_PVS, app.k9mail.ui.utils.linearlayoutmanager.ViewBoundsCheck.FLAG_CVS_GT_PVE, app.k9mail.ui.utils.linearlayoutmanager.ViewBoundsCheck.FLAG_CVS_EQ_PVE, app.k9mail.ui.utils.linearlayoutmanager.ViewBoundsCheck.FLAG_CVS_LT_PVE, app.k9mail.ui.utils.linearlayoutmanager.ViewBoundsCheck.FLAG_CVE_GT_PVS, app.k9mail.ui.utils.linearlayoutmanager.ViewBoundsCheck.FLAG_CVE_EQ_PVS, app.k9mail.ui.utils.linearlayoutmanager.ViewBoundsCheck.FLAG_CVE_LT_PVS, app.k9mail.ui.utils.linearlayoutmanager.ViewBoundsCheck.FLAG_CVE_GT_PVE, app.k9mail.ui.utils.linearlayoutmanager.ViewBoundsCheck.FLAG_CVE_EQ_PVE, app.k9mail.ui.utils.linearlayoutmanager.ViewBoundsCheck.FLAG_CVE_LT_PVE}" />
    </annotation>
  </item>
  <item name="app.k9mail.ui.utils.linearlayoutmanager.ViewBoundsCheck.BoundFlags void addFlags(int) 0">
    <annotation name="androidx.annotation.IntDef">
      <val name="flag" val="true" />
      <val name="value" val="{app.k9mail.ui.utils.linearlayoutmanager.ViewBoundsCheck.FLAG_CVS_GT_PVS, app.k9mail.ui.utils.linearlayoutmanager.ViewBoundsCheck.FLAG_CVS_EQ_PVS, app.k9mail.ui.utils.linearlayoutmanager.ViewBoundsCheck.FLAG_CVS_LT_PVS, app.k9mail.ui.utils.linearlayoutmanager.ViewBoundsCheck.FLAG_CVS_GT_PVE, app.k9mail.ui.utils.linearlayoutmanager.ViewBoundsCheck.FLAG_CVS_EQ_PVE, app.k9mail.ui.utils.linearlayoutmanager.ViewBoundsCheck.FLAG_CVS_LT_PVE, app.k9mail.ui.utils.linearlayoutmanager.ViewBoundsCheck.FLAG_CVE_GT_PVS, app.k9mail.ui.utils.linearlayoutmanager.ViewBoundsCheck.FLAG_CVE_EQ_PVS, app.k9mail.ui.utils.linearlayoutmanager.ViewBoundsCheck.FLAG_CVE_LT_PVS, app.k9mail.ui.utils.linearlayoutmanager.ViewBoundsCheck.FLAG_CVE_GT_PVE, app.k9mail.ui.utils.linearlayoutmanager.ViewBoundsCheck.FLAG_CVE_EQ_PVE, app.k9mail.ui.utils.linearlayoutmanager.ViewBoundsCheck.FLAG_CVE_LT_PVE}" />
    </annotation>
  </item>
  <item name="app.k9mail.ui.utils.linearlayoutmanager.ViewBoundsCheck.ViewBounds">
    <annotation name="androidx.annotation.IntDef">
      <val name="flag" val="true" />
      <val name="value" val="{app.k9mail.ui.utils.linearlayoutmanager.ViewBoundsCheck.FLAG_CVS_GT_PVS, app.k9mail.ui.utils.linearlayoutmanager.ViewBoundsCheck.FLAG_CVS_EQ_PVS, app.k9mail.ui.utils.linearlayoutmanager.ViewBoundsCheck.FLAG_CVS_LT_PVS, app.k9mail.ui.utils.linearlayoutmanager.ViewBoundsCheck.FLAG_CVS_GT_PVE, app.k9mail.ui.utils.linearlayoutmanager.ViewBoundsCheck.FLAG_CVS_EQ_PVE, app.k9mail.ui.utils.linearlayoutmanager.ViewBoundsCheck.FLAG_CVS_LT_PVE, app.k9mail.ui.utils.linearlayoutmanager.ViewBoundsCheck.FLAG_CVE_GT_PVS, app.k9mail.ui.utils.linearlayoutmanager.ViewBoundsCheck.FLAG_CVE_EQ_PVS, app.k9mail.ui.utils.linearlayoutmanager.ViewBoundsCheck.FLAG_CVE_LT_PVS, app.k9mail.ui.utils.linearlayoutmanager.ViewBoundsCheck.FLAG_CVE_GT_PVE, app.k9mail.ui.utils.linearlayoutmanager.ViewBoundsCheck.FLAG_CVE_EQ_PVE, app.k9mail.ui.utils.linearlayoutmanager.ViewBoundsCheck.FLAG_CVE_LT_PVE}" />
    </annotation>
  </item>
</root>

